<?xml version="1.0" encoding="UTF-8"?>
<beans:beans xmlns="http://www.springframework.org/schema/mvc"
	xmlns:xsi="http://www.w3.org/2001/XMLSchema-instance" xmlns:beans="http://www.springframework.org/schema/beans"
	xmlns:context="http://www.springframework.org/schema/context" xmlns:tx="http://www.springframework.org/schema/tx"
	xsi:schemaLocation="http://www.springframework.org/schema/mvc http://www.springframework.org/schema/mvc/spring-mvc.xsd
		http://www.springframework.org/schema/beans http://www.springframework.org/schema/beans/spring-beans.xsd
		http://www.springframework.org/schema/context http://www.springframework.org/schema/context/spring-context.xsd
		http://www.springframework.org/schema/tx http://www.springframework.org/schema/tx/spring-tx-4.0.xsd">


	<!-- Enables the Spring MVC @Controller programming model -->
	<annotation-driven validator="validator" />
 	<beans:bean id="validator"
		class="org.springframework.validation.beanvalidation.LocalValidatorFactoryBean" /> 
		
	<context:component-scan base-package="com.lnt.travelmanagement" />
	<!-- Handles HTTP GET requests for /resources/** by efficiently serving 
		up static resources in the ${webappRoot}/resources directory -->
	<resources mapping="/resources/**" location="/resources/" />
	<resources location="/resources/" mapping="/resources/**" />

	<resources location="/webjars/" mapping="/webjars/**" />
	<!-- Resolves views selected for rendering by @Controllers to .jsp resources 
		in the /WEB-INF/views directory -->
	<beans:bean
		class="org.springframework.web.servlet.view.InternalResourceViewResolver">
		<beans:property name="prefix" value="/WEB-INF/views/" />
		<beans:property name="suffix" value=".jsp" />
	</beans:bean>

	<!-- DataSource configuration for Database Connection -->
	<!-- <beans:bean id="dataSource" class="org.apache.commons.dbcp.BasicDataSource" 
		destroy-method="close"> -->

	<beans:bean id="dataSource"
		class="org.springframework.jdbc.datasource.DriverManagerDataSource">
		<beans:property name="driverClassName" value="oracle.jdbc.driver.OracleDriver" />
		<beans:property name="url"
			value="jdbc:oracle:thin:@localhost:1521:orahome" />
		<beans:property name="username" value="system" />
		<beans:property name="password" value="sys" />
		
	</beans:bean>

	<!-- Hibernate 4 SessionFactory Bean definition -->
	<beans:bean id="sessionFactory"
		class="org.springframework.orm.hibernate4.LocalSessionFactoryBean">
		<beans:property name="dataSource" ref="dataSource" />
		<beans:property name="annotatedClasses">
			<beans:list>
				<beans:value>com.lnt.travelmanagement.model.Travel</beans:value>
				<beans:value>com.lnt.travelmanagement.model.TourCustomer
				</beans:value>
				<beans:value>com.lnt.travelmanagement.model.Hotel</beans:value>
				<beans:value>com.lnt.travelmanagement.validator.HotelValidator
				</beans:value>
				<beans:value>com.lnt.travelmanagement.model.Employees</beans:value>
				<beans:value>com.lnt.travelmanagement.model.Attendance</beans:value>

			</beans:list>
		</beans:property>

		<beans:property name="hibernateProperties">
			<beans:props>
				<beans:prop key="hibernate.dialect">org.hibernate.dialect.Oracle10gDialect
				</beans:prop>

				<beans:prop key="hibernate.hbm2ddl.auto">update</beans:prop>
				<beans:prop key="hibernate.show_sql">true</beans:prop>
				<beans:prop key="hibernate.enable_lazy_load_no_trans">true</beans:prop>
			</beans:props>
		</beans:property>
	</beans:bean>

	<!-- <beans:bean id="travelDao" class="com.lnt.travelmanagement.dao.TravelDao"> 
		<beans:property name="sessionFactory" ref="sessionFactory" /> </beans:bean> 
		<beans:bean id="travelService" class="com.lnt.travelmanagement.service.TravelService"> 
		<beans:property name="travelDao" ref="travelDao"></beans:property> </beans:bean> -->


	<beans:bean id="transactionManager"
		class="org.springframework.orm.hibernate4.HibernateTransactionManager">
		<beans:property name="sessionFactory" ref="sessionFactory" />
	</beans:bean>
	<!-- This bean will handle all transaction within an application -->
	<!-- <beans:bean id="transactionManager" class="org.springframework.orm.jpa.JpaTransactionManager"> 
		<beans:property name="sessionFactory" ref="sessionFactory" /> </beans:bean> -->

	<!-- This is required to handle transactions via Annotations like @Transactional -->
	<tx:annotation-driven transaction-manager="transactionManager" />
	<resources mapping="/resources/**" location="/resources/" />
	<resources mapping="/webjars/**" location="/webjars/" />

</beans:beans>
