<?xml version='1.0' encoding='UTF-8'?>
<!DOCTYPE hibernate-configuration PUBLIC
        "-//Hibernate/Hibernate Configuration DTD 3.0//EN"
        "http://www.hibernate.org/dtd/hibernate-configuration-3.0.dtd">

<hibernate-configuration>
	<session-factory>
	<!-- SQL Dialect -->
		<property name="hibernate.dialect">org.hibernate.dialect.Oracle10gDialect</property>

		<!-- Database Connection Settings -->
		<property name="hibernate.connection.driver_class">oracle.jdbc.driver.OracleDriver</property>
		<property name="hibernate.connection.url">jdbc:oracle:thin:@localhost:1521:xe</property>
		<property name="hibernate.connection.username">hr</property>
		<property name="hibernate.connection.password">hr</property>
		<property name="show_sql">true</property>
		<property name="hbm2ddl.auto">update</property>

		<!-- Specifying Session Context -->
		<property name="hibernate.current_session_context_class">org.hibernate.context.internal.ThreadLocalSessionContext</property>

		<!-- Mapping With Model Class Containing Annotations -->
		<mapping class="com.lnt.travelmanagement.model.Hotel" />
	</session-factory>
</hibernate-configuration>